/schaffrillas/,/schaffrillas/lists/,913,20,1193
/kurstboy/,/kurstboy/lists/,1809,56,2575
/jay/,/jay/lists/,1274,78,24025
/deathproof/,/deathproof/lists/,2556,131,7430
/mistat/,/mistat/lists/,2612,0,547
/ingridgoeswest/,/ingridgoeswest/lists/,2785,195,12582
/davidehrlich/,/davidehrlich/lists/,2786,59,83
/thejoshl/,/thejoshl/lists/,5090,35,7319
/24framesofnick/,/24framesofnick/lists/,1130,1,528
/silentdawn/,/silentdawn/lists/,4878,129,22013
/jeaba/,/jeaba/lists/,676,26,3789
/filmgraphy/,/filmgraphy/lists/,1334,26,19989
/suspirliam/,/suspirliam/lists/,2980,98,53622
/colonelmortimer/,/colonelmortimer/lists/,5432,26,7406
/davidlsims/,/davidlsims/lists/,4241,105,1193
/superpulse/,/superpulse/lists/,4383,28,3315
/zoerosebryant/,/zoerosebryant/lists/,4752,187,83782
/jaragon23/,/jaragon23/lists/,1305,43,1564
/ianamurray/,/ianamurray/lists/,3064,18,4193
/sophiedarcy/,/sophiedarcy/lists/,2472,29,4160
/sapphicquinn/,/sapphicquinn/lists/,1297,19,71175
/ilyclemmie/,/ilyclemmie/lists/,1720,27,2111
/tototoro/,/tototoro/lists/,1737,20,4368
/tarantulini/,/tarantulini/lists/,1985,1,239883
/brat/,/brat/lists/,2619,19,7817
/childrenofmen/,/childrenofmen/lists/,2517,22,1008
/rickdeckard/,/rickdeckard/lists/,2923,81,95062
/megbitchell/,/megbitchell/lists/,912,18,1647
/stk5/,/stk5/lists/,1571,20,14238
/ifeeltime/,/ifeeltime/lists/,3467,41,20952
/elsergiomunoz/,/elsergiomunoz/lists/,1931,37,508
/elementarii/,/elementarii/lists/,1542,19,8562
/theonlyoneram_/,/theonlyoneram_/lists/,4298,20,4298
/girlactress/,/girlactress/lists/,109,0,106
/eely/,/eely/lists/,3737,117,27284
/kaylafavia/,/kaylafavia/lists/,2190,13,9024
/mrmoviesrd/,/mrmoviesrd/lists/,7398,116,498991
/franhoepfner/,/franhoepfner/lists/,1877,32,14145
/georgecarmi/,/georgecarmi/lists/,1970,63,47
/dirkh/,/dirkh/lists/,4709,168,10808
/henryspencerirl/,/henryspencerirl/lists/,1324,53,52939
/highlife/,/highlife/lists/,1301,21,29988
/kyledunne/,/kyledunne/lists/,2229,37,3133
/murielcampos/,/murielcampos/lists/,2982,17,22272
/nycsubwayrat/,/nycsubwayrat/lists/,1747,48,27776
/riverjphoenix/,/riverjphoenix/lists/,841,9,3205
/leeyim/,/leeyim/lists/,2089,52,67398
/fuchsiadyke/,/fuchsiadyke/lists/,5876,275,40102
/comrade_yui/,/comrade_yui/lists/,3820,75,35959
/ellakemp/,/ellakemp/lists/,2499,27,1807
/sapphical/,/sapphical/lists/,1309,37,6132
/jack/,/jack/lists/,4932,338,3792
/augustleaves/,/augustleaves/lists/,411,8,1134
/filipe_furtado/,/filipe_furtado/lists/,24977,139,11485
/barbiesswanlake/,/barbiesswanlake/lists/,4042,84,13290
/darrencb/,/darrencb/lists/,3231,506,12126
/kun/,/kun/lists/,2629,34,16312
/artwithin/,/artwithin/lists/,1452,25,6759
/davidfinchher/,/davidfinchher/lists/,2465,46,5209
/elihayes/,/elihayes/lists/,13163,211,76911
/will_sloan/,/will_sloan/lists/,3633,70,7144
/leslieburke/,/leslieburke/lists/,1061,8,3231
/hewasthrfriendd/,/hewasthrfriendd/lists/,2679,122,53390
/hollieamanda/,/hollieamanda/lists/,2267,11,15748
/willhunting/,/willhunting/lists/,2121,8,1739
/sarahabob/,/sarahabob/lists/,828,23,7505
/sethsreviews/,/sethsreviews/lists/,2598,34,499
/jlalibs/,/jlalibs/lists/,12222,166,3468
/sarahlovett/,/sarahlovett/lists/,677,7,645
/cantinaband/,/cantinaband/lists/,2009,34,9864
/bobbywags/,/bobbywags/lists/,92,0,90
/filmsvader/,/filmsvader/lists/,1975,3,5567
/alexlawther/,/alexlawther/lists/,1156,12,11524
/mollysauce/,/mollysauce/lists/,585,9,4228
/lovelltrin/,/lovelltrin/lists/,857,12,174
/aksually/,/aksually/lists/,813,1,580
/raybean/,/raybean/lists/,147,3,42
/amandathejedi/,/amandathejedi/lists/,2526,21,634
/sliceofgabagol/,/sliceofgabagol/lists/,878,3,27560
/paulswhtn/,/paulswhtn/lists/,2115,19,7282
/moviesrtherapy/,/moviesrtherapy/lists/,2742,20,70
/hauteprincesses/,/hauteprincesses/lists/,2188,10,7708
/russman/,/russman/lists/,10175,3789,13149
/screeningnotes/,/screeningnotes/lists/,3484,485,91959
/niceguys/,/niceguys/lists/,1364,8,5181
/nevermore1985/,/nevermore1985/lists/,11306,194,105829
/alor/,/alor/lists/,1172,1,125621
/iovewitch/,/iovewitch/lists/,3752,0,31978
/poketo/,/poketo/lists/,759,1,766
/ellefnning/,/ellefnning/lists/,1224,21,2283
